mission,layout,job,mode,player_hp,player_attack,player_armor,enemy_hp,enemy_attack,enemy_armor,outgoing,incoming,outcome,rounds,error,surviving_allies,party_hp_remaining_percent
roadside_toll,checkpoint_1,fighter,live,56,10,3,28,5,1,9,2,critical_success,6,,2,90.2
roadside_toll,checkpoint_1,fighter,shared24,56,10,3,44,8,1,9,5,success,14,,1,17.0
roadside_toll,checkpoint_1,fighter,shared12,44,7,3,32,5,1,6,2,critical_success,12,,2,59.1
roadside_toll,checkpoint_1,barbarian,live,52,10,2,28,5,1,9,3,critical_success,6,,2,82.7
roadside_toll,checkpoint_1,barbarian,shared24,52,10,2,44,8,1,9,6,critical_success,8,,2,51.0
roadside_toll,checkpoint_1,barbarian,shared12,40,7,2,32,5,1,6,3,critical_success,9,,2,63.8
roadside_toll,checkpoint_1,monk,live,52,10,2,28,5,1,9,3,critical_success,7,,2,82.7
roadside_toll,checkpoint_1,monk,shared24,52,10,2,44,8,1,9,6,success,14,,1,20.2
roadside_toll,checkpoint_1,monk,shared12,40,7,2,32,5,1,6,3,success,12,,1,31.2
roadside_toll,checkpoint_1,rogue,live,52,10,2,28,5,1,9,3,critical_success,7,,2,76.9
roadside_toll,checkpoint_1,rogue,shared24,52,10,2,44,8,1,9,6,success,14,,1,8.7
roadside_toll,checkpoint_1,rogue,shared12,40,7,2,32,5,1,6,3,success,13,,1,38.8
roadside_toll,checkpoint_1,ranger,live,52,10,2,28,5,1,9,3,critical_success,4,,2,89.4
roadside_toll,checkpoint_1,ranger,shared24,52,10,2,44,8,1,9,6,success,8,,1,44.2
roadside_toll,checkpoint_1,ranger,shared12,40,7,2,32,5,1,6,3,critical_success,7,,2,66.2
roadside_toll,checkpoint_1,mage,live,52,10,2,28,5,1,9,3,critical_success,5,,2,94.2
roadside_toll,checkpoint_1,mage,shared24,52,10,2,44,8,1,9,6,critical_success,7,,2,71.2
roadside_toll,checkpoint_1,mage,shared12,40,7,2,32,5,1,6,3,critical_success,7,,2,78.8
roadside_toll,checkpoint_2,fighter,live,56,10,3,28,5,1,9,2,critical_success,7,,2,86.6
roadside_toll,checkpoint_2,fighter,shared24,56,10,3,44,8,1,9,5,critical_success,8,,2,53.6
roadside_toll,checkpoint_2,fighter,shared12,44,7,3,32,5,1,6,2,critical_success,8,,2,70.5
roadside_toll,checkpoint_2,barbarian,live,52,10,2,28,5,1,9,3,critical_success,8,,2,78.8
roadside_toll,checkpoint_2,barbarian,shared24,52,10,2,44,8,1,9,6,critical_success,11,,2,60.6
roadside_toll,checkpoint_2,barbarian,shared12,40,7,2,32,5,1,6,3,critical_success,11,,2,73.8
roadside_toll,checkpoint_2,monk,live,52,10,2,28,5,1,9,3,critical_success,10,,2,75.0
roadside_toll,checkpoint_2,monk,shared24,52,10,2,44,8,1,9,6,critical_success,11,,2,52.9
roadside_toll,checkpoint_2,monk,shared12,40,7,2,32,5,1,6,3,critical_success,11,,2,67.5
roadside_toll,checkpoint_2,rogue,live,52,10,2,28,5,1,9,3,critical_success,10,,2,76.0
roadside_toll,checkpoint_2,rogue,shared24,52,10,2,44,8,1,9,6,success,14,,1,22.1
roadside_toll,checkpoint_2,rogue,shared12,40,7,2,32,5,1,6,3,critical_success,13,,2,42.5
roadside_toll,checkpoint_2,ranger,live,52,10,2,28,5,1,9,3,critical_success,5,,2,92.3
roadside_toll,checkpoint_2,ranger,shared24,52,10,2,44,8,1,9,6,critical_success,8,,2,68.3
roadside_toll,checkpoint_2,ranger,shared12,40,7,2,32,5,1,6,3,critical_success,9,,2,65.0
roadside_toll,checkpoint_2,mage,live,52,10,2,28,5,1,9,3,critical_success,8,,2,79.8
roadside_toll,checkpoint_2,mage,shared24,52,10,2,44,8,1,9,6,critical_success,8,,2,62.5
roadside_toll,checkpoint_2,mage,shared12,40,7,2,32,5,1,6,3,critical_success,8,,2,72.5
roadside_toll,checkpoint_3,fighter,live,56,10,3,28,5,1,9,2,critical_success,8,,2,83.0
roadside_toll,checkpoint_3,fighter,shared24,56,10,3,44,8,1,9,5,critical_success,12,,2,58.0
roadside_toll,checkpoint_3,fighter,shared12,44,7,3,32,5,1,6,2,critical_success,12,,2,73.9
roadside_toll,checkpoint_3,barbarian,live,52,10,2,28,5,1,9,3,critical_success,10,,2,85.6
roadside_toll,checkpoint_3,barbarian,shared24,52,10,2,44,8,1,9,6,critical_success,10,,2,74.0
roadside_toll,checkpoint_3,barbarian,shared12,40,7,2,32,5,1,6,3,critical_success,10,,2,81.2
roadside_toll,checkpoint_3,monk,live,52,10,2,28,5,1,9,3,critical_success,11,,2,80.8
roadside_toll,checkpoint_3,monk,shared24,52,10,2,44,8,1,9,6,critical_success,10,,2,70.2
roadside_toll,checkpoint_3,monk,shared12,40,7,2,32,5,1,6,3,critical_success,10,,2,78.8
roadside_toll,checkpoint_3,rogue,live,52,10,2,28,5,1,9,3,critical_success,11,,2,78.8
roadside_toll,checkpoint_3,rogue,shared24,52,10,2,44,8,1,9,6,critical_failure,14,,0,0.0
roadside_toll,checkpoint_3,rogue,shared12,40,7,2,32,5,1,6,3,critical_success,12,,2,58.8
roadside_toll,checkpoint_3,ranger,live,52,10,2,28,5,1,9,3,critical_success,6,,2,100.0
roadside_toll,checkpoint_3,ranger,shared24,52,10,2,44,8,1,9,6,critical_success,9,,2,68.3
roadside_toll,checkpoint_3,ranger,shared12,40,7,2,32,5,1,6,3,critical_success,9,,2,77.5
roadside_toll,checkpoint_3,mage,live,52,10,2,28,5,1,9,3,critical_success,7,,2,77.9
roadside_toll,checkpoint_3,mage,shared24,52,10,2,44,8,1,9,6,critical_success,7,,2,85.6
roadside_toll,checkpoint_3,mage,shared12,40,7,2,32,5,1,6,3,critical_success,8,,2,88.8
roadside_toll,checkpoint_4,fighter,live,56,10,3,28,5,1,9,2,critical_success,5,,2,87.5
roadside_toll,checkpoint_4,fighter,shared24,56,10,3,44,8,1,9,5,critical_success,7,,2,63.4
roadside_toll,checkpoint_4,fighter,shared12,44,7,3,32,5,1,6,2,critical_success,7,,2,76.1
roadside_toll,checkpoint_4,barbarian,live,52,10,2,28,5,1,9,3,critical_success,6,,2,87.5
roadside_toll,checkpoint_4,barbarian,shared24,52,10,2,44,8,1,9,6,critical_success,7,,2,77.9
roadside_toll,checkpoint_4,barbarian,shared12,40,7,2,32,5,1,6,3,critical_success,7,,2,83.8
roadside_toll,checkpoint_4,monk,live,52,10,2,28,5,1,9,3,critical_success,6,,2,88.5
roadside_toll,checkpoint_4,monk,shared24,52,10,2,44,8,1,9,6,critical_success,6,,2,73.1
roadside_toll,checkpoint_4,monk,shared12,40,7,2,32,5,1,6,3,critical_success,6,,2,81.2
roadside_toll,checkpoint_4,rogue,live,52,10,2,28,5,1,9,3,critical_success,5,,2,89.4
roadside_toll,checkpoint_4,rogue,shared24,52,10,2,44,8,1,9,6,critical_success,7,,2,59.6
roadside_toll,checkpoint_4,rogue,shared12,40,7,2,32,5,1,6,3,critical_success,7,,2,72.5
roadside_toll,checkpoint_4,ranger,live,52,10,2,28,5,1,9,3,critical_success,7,,2,76.9
roadside_toll,checkpoint_4,ranger,shared24,52,10,2,44,8,1,9,6,critical_success,8,,2,35.6
roadside_toll,checkpoint_4,ranger,shared12,40,7,2,32,5,1,6,3,critical_success,8,,2,47.5
roadside_toll,checkpoint_4,mage,live,52,10,2,28,5,1,9,3,critical_success,5,,2,89.4
roadside_toll,checkpoint_4,mage,shared24,52,10,2,44,8,1,9,6,critical_success,6,,2,58.7
roadside_toll,checkpoint_4,mage,shared12,40,7,2,32,5,1,6,3,critical_success,6,,2,70.0
highway_ambush,d_highway_cut_1,fighter,live,56,10,3,36,6,0,10,3,success,8,,2,87.5
highway_ambush,d_highway_cut_1,fighter,shared24,64,11,4,52,8,2,9,4,success,8,,2,65.6
highway_ambush,d_highway_cut_1,fighter,shared12,52,8,4,40,5,2,6,1,success,8,,2,74.0
highway_ambush,d_highway_cut_1,barbarian,live,52,10,2,36,6,0,10,4,success,6,,2,88.5
highway_ambush,d_highway_cut_1,barbarian,shared24,60,11,3,52,8,2,9,5,success,7,,2,83.3
highway_ambush,d_highway_cut_1,barbarian,shared12,48,8,3,40,5,2,6,2,success,7,,2,89.6
highway_ambush,d_highway_cut_1,monk,live,52,10,2,36,6,0,10,4,success,6,,2,73.1
highway_ambush,d_highway_cut_1,monk,shared24,60,11,3,52,8,2,9,5,success,6,,2,82.5
highway_ambush,d_highway_cut_1,monk,shared12,48,8,3,40,5,2,6,2,success,7,,2,81.2
highway_ambush,d_highway_cut_1,rogue,live,52,10,2,36,6,0,10,4,success,7,,2,86.5
highway_ambush,d_highway_cut_1,rogue,shared24,60,11,3,52,8,2,9,5,success,7,,2,73.3
highway_ambush,d_highway_cut_1,rogue,shared12,48,8,3,40,5,2,6,2,success,7,,2,82.3
highway_ambush,d_highway_cut_1,ranger,live,52,10,2,36,6,0,10,4,success,6,,2,89.4
highway_ambush,d_highway_cut_1,ranger,shared24,60,11,3,52,8,2,9,5,critical_failure,10,,0,0.0
highway_ambush,d_highway_cut_1,ranger,shared12,48,8,3,40,5,2,6,2,critical_failure,15,,0,0.0
highway_ambush,d_highway_cut_1,mage,live,52,10,2,36,6,0,10,4,success,5,,2,87.5
highway_ambush,d_highway_cut_1,mage,shared24,60,11,3,52,8,2,9,5,success,5,,2,91.7
highway_ambush,d_highway_cut_1,mage,shared12,48,8,3,40,5,2,6,2,success,4,,2,96.9
highway_ambush,d_highway_cut_2,fighter,live,56,10,3,30,5,0,10,2,success,6,,2,67.0
highway_ambush,d_highway_cut_2,fighter,shared24,64,11,4,44,7,1,10,3,success,8,,2,71.9
highway_ambush,d_highway_cut_2,fighter,shared12,52,8,4,32,4,1,7,1,success,8,,2,81.7
highway_ambush,d_highway_cut_2,barbarian,live,52,10,2,30,5,0,10,3,success,6,,2,97.1
highway_ambush,d_highway_cut_2,barbarian,shared24,60,11,3,44,7,1,10,4,success,10,,1,22.5
highway_ambush,d_highway_cut_2,barbarian,shared12,48,8,3,32,4,1,7,1,success,7,,2,85.4
highway_ambush,d_highway_cut_2,monk,live,52,10,2,30,5,0,10,3,success,6,,2,90.4
highway_ambush,d_highway_cut_2,monk,shared24,60,11,3,44,7,1,10,4,success,6,,2,73.3
highway_ambush,d_highway_cut_2,monk,shared12,48,8,3,32,4,1,7,1,success,7,,2,75.0
highway_ambush,d_highway_cut_2,rogue,live,52,10,2,30,5,0,10,3,success,7,,2,65.4
highway_ambush,d_highway_cut_2,rogue,shared24,60,11,3,44,7,1,10,4,success,8,,2,54.2
highway_ambush,d_highway_cut_2,rogue,shared12,48,8,3,32,4,1,7,1,success,8,,2,77.1
highway_ambush,d_highway_cut_2,ranger,live,52,10,2,30,5,0,10,3,success,5,,2,75.0
highway_ambush,d_highway_cut_2,ranger,shared24,60,11,3,44,7,1,10,4,critical_failure,7,,0,0.0
highway_ambush,d_highway_cut_2,ranger,shared12,48,8,3,32,4,1,7,1,critical_failure,14,,0,0.0
highway_ambush,d_highway_cut_2,mage,live,52,10,2,30,5,0,10,3,success,5,,2,75.0
highway_ambush,d_highway_cut_2,mage,shared24,60,11,3,44,7,1,10,4,success,7,,2,43.3
highway_ambush,d_highway_cut_2,mage,shared12,48,8,3,32,4,1,7,1,success,6,,2,72.9
highway_ambush,d_highway_cut_3,fighter,live,56,10,3,30,5,0,10,2,success,6,,2,74.1
highway_ambush,d_highway_cut_3,fighter,shared24,64,11,4,44,7,1,10,3,success,8,,2,60.9
highway_ambush,d_highway_cut_3,fighter,shared12,52,8,4,32,4,1,7,1,success,8,,2,76.0
highway_ambush,d_highway_cut_3,barbarian,live,52,10,2,30,5,0,10,3,success,5,,2,82.7
highway_ambush,d_highway_cut_3,barbarian,shared24,60,11,3,44,7,1,10,4,success,7,,2,62.5
highway_ambush,d_highway_cut_3,barbarian,shared12,48,8,3,32,4,1,7,1,success,7,,2,78.1
highway_ambush,d_highway_cut_3,monk,live,52,10,2,30,5,0,10,3,success,5,,2,86.5
highway_ambush,d_highway_cut_3,monk,shared24,60,11,3,44,7,1,10,4,success,6,,2,65.0
highway_ambush,d_highway_cut_3,monk,shared12,48,8,3,32,4,1,7,1,success,7,,2,66.7
highway_ambush,d_highway_cut_3,rogue,live,52,10,2,30,5,0,10,3,success,5,,2,84.6
highway_ambush,d_highway_cut_3,rogue,shared24,60,11,3,44,7,1,10,4,success,6,,2,70.8
highway_ambush,d_highway_cut_3,rogue,shared12,48,8,3,32,4,1,7,1,success,6,,2,82.3
highway_ambush,d_highway_cut_3,ranger,live,52,10,2,30,5,0,10,3,success,5,,2,80.8
highway_ambush,d_highway_cut_3,ranger,shared24,60,11,3,44,7,1,10,4,critical_failure,9,,0,0.0
highway_ambush,d_highway_cut_3,ranger,shared12,48,8,3,32,4,1,7,1,critical_failure,14,,0,0.0
highway_ambush,d_highway_cut_3,mage,live,52,10,2,30,5,0,10,3,success,4,,2,89.4
highway_ambush,d_highway_cut_3,mage,shared24,60,11,3,44,7,1,10,4,success,4,,2,84.2
highway_ambush,d_highway_cut_3,mage,shared12,48,8,3,32,4,1,7,1,success,4,,2,89.6
highway_ambush,d_highway_cut_4,fighter,live,56,10,3,25,4,0,10,1,success,7,,2,81.2
highway_ambush,d_highway_cut_4,fighter,shared24,64,11,4,44,7,1,10,3,critical_failure,10,,0,0.0
highway_ambush,d_highway_cut_4,fighter,shared12,52,8,4,32,4,1,7,1,success,10,,2,67.3
highway_ambush,d_highway_cut_4,barbarian,live,52,10,2,25,4,0,10,2,success,7,,2,78.8
highway_ambush,d_highway_cut_4,barbarian,shared24,60,11,3,44,7,1,10,4,success,8,,1,38.3
highway_ambush,d_highway_cut_4,barbarian,shared12,48,8,3,32,4,1,7,1,success,8,,2,79.2
highway_ambush,d_highway_cut_4,monk,live,52,10,2,25,4,0,10,2,success,5,,2,76.9
highway_ambush,d_highway_cut_4,monk,shared24,60,11,3,44,7,1,10,4,critical_failure,6,,0,0.0
highway_ambush,d_highway_cut_4,monk,shared12,48,8,3,32,4,1,7,1,success,8,,2,60.4
highway_ambush,d_highway_cut_4,rogue,live,52,10,2,25,4,0,10,2,success,6,,2,78.8
highway_ambush,d_highway_cut_4,rogue,shared24,60,11,3,44,7,1,10,4,success,7,,2,38.3
highway_ambush,d_highway_cut_4,rogue,shared12,48,8,3,32,4,1,7,1,success,8,,2,64.6
highway_ambush,d_highway_cut_4,ranger,live,52,10,2,25,4,0,10,2,success,6,,2,75.0
highway_ambush,d_highway_cut_4,ranger,shared24,60,11,3,44,7,1,10,4,critical_failure,4,,0,0.0
highway_ambush,d_highway_cut_4,ranger,shared12,48,8,3,32,4,1,7,1,critical_failure,7,,0,0.0
highway_ambush,d_highway_cut_4,mage,live,52,10,2,25,4,0,10,2,success,4,,2,88.5
highway_ambush,d_highway_cut_4,mage,shared24,60,11,3,44,7,1,10,4,success,6,,2,64.2
highway_ambush,d_highway_cut_4,mage,shared12,48,8,3,32,4,1,7,1,success,6,,2,80.2
bone_patrol,d_cemetery_road_1,fighter,live,56,10,3,40,7,1,9,4,critical_success,9,,2,30.4
bone_patrol,d_cemetery_road_1,fighter,shared24,64,11,4,58,9,3,8,5,critical_success,9,,2,51.6
bone_patrol,d_cemetery_road_1,fighter,shared12,52,8,4,45,6,3,5,2,critical_success,10,,2,40.4
bone_patrol,d_cemetery_road_1,barbarian,live,52,10,2,40,7,1,9,5,critical_success,7,,2,46.2
bone_patrol,d_cemetery_road_1,barbarian,shared24,60,11,3,58,9,3,8,6,critical_failure,8,,0,0.0
bone_patrol,d_cemetery_road_1,barbarian,shared12,48,8,3,45,6,3,5,3,critical_success,10,,2,20.8
bone_patrol,d_cemetery_road_1,monk,live,52,10,2,40,7,1,9,5,critical_success,6,,2,67.3
bone_patrol,d_cemetery_road_1,monk,shared24,60,11,3,58,9,3,8,6,critical_success,8,,2,32.5
bone_patrol,d_cemetery_road_1,monk,shared12,48,8,3,45,6,3,5,3,critical_success,9,,2,51.0
bone_patrol,d_cemetery_road_1,rogue,live,52,10,2,40,7,1,9,5,critical_success,9,,2,69.2
bone_patrol,d_cemetery_road_1,rogue,shared24,60,11,3,58,9,3,8,6,critical_success,8,,2,38.3
bone_patrol,d_cemetery_road_1,rogue,shared12,48,8,3,45,6,3,5,3,critical_success,9,,2,47.9
bone_patrol,d_cemetery_road_1,ranger,live,52,10,2,40,7,1,9,5,critical_failure,7,,0,0.0
bone_patrol,d_cemetery_road_1,ranger,shared24,60,11,3,58,9,3,8,6,critical_failure,7,,0,0.0
bone_patrol,d_cemetery_road_1,ranger,shared12,48,8,3,45,6,3,5,3,critical_failure,9,,0,0.0
bone_patrol,d_cemetery_road_1,mage,live,52,10,2,40,7,1,9,5,critical_success,6,,2,95.2
bone_patrol,d_cemetery_road_1,mage,shared24,60,11,3,58,9,3,8,6,success,7,,1,43.3
bone_patrol,d_cemetery_road_1,mage,shared12,48,8,3,45,6,3,5,3,critical_success,5,,2,53.1
bone_patrol,d_cemetery_road_2,fighter,live,56,10,3,40,7,3,7,4,success,12,,1,33.0
bone_patrol,d_cemetery_road_2,fighter,shared24,64,11,4,58,9,3,8,5,success,14,,1,3.9
bone_patrol,d_cemetery_road_2,fighter,shared12,52,8,4,45,6,3,5,2,critical_success,11,,2,48.1
bone_patrol,d_cemetery_road_2,barbarian,live,52,10,2,40,7,3,7,5,success,11,,1,13.5
bone_patrol,d_cemetery_road_2,barbarian,shared24,60,11,3,58,9,3,8,6,critical_failure,7,,0,0.0
bone_patrol,d_cemetery_road_2,barbarian,shared12,48,8,3,45,6,3,5,3,critical_success,9,,2,46.9
bone_patrol,d_cemetery_road_2,monk,live,52,10,2,40,7,3,7,5,critical_success,7,,2,76.0
bone_patrol,d_cemetery_road_2,monk,shared24,60,11,3,58,9,3,8,6,critical_failure,7,,0,0.0
bone_patrol,d_cemetery_road_2,monk,shared12,48,8,3,45,6,3,5,3,critical_success,7,,2,52.1
bone_patrol,d_cemetery_road_2,rogue,live,52,10,2,40,7,3,7,5,critical_success,8,,2,51.9
bone_patrol,d_cemetery_road_2,rogue,shared24,60,11,3,58,9,3,8,6,success,15,,1,2.5
bone_patrol,d_cemetery_road_2,rogue,shared12,48,8,3,45,6,3,5,3,critical_success,10,,2,51.0
bone_patrol,d_cemetery_road_2,ranger,live,52,10,2,40,7,3,7,5,critical_failure,8,,0,0.0
bone_patrol,d_cemetery_road_2,ranger,shared24,60,11,3,58,9,3,8,6,critical_failure,7,,0,0.0
bone_patrol,d_cemetery_road_2,ranger,shared12,48,8,3,45,6,3,5,3,critical_failure,8,,0,0.0
bone_patrol,d_cemetery_road_2,mage,live,52,10,2,40,7,3,7,5,critical_success,6,,2,70.2
bone_patrol,d_cemetery_road_2,mage,shared24,60,11,3,58,9,3,8,6,critical_success,8,,2,73.3
bone_patrol,d_cemetery_road_2,mage,shared12,48,8,3,45,6,3,5,3,critical_success,8,,2,80.2
bone_patrol,d_cemetery_road_3,fighter,live,56,10,3,40,7,1,9,4,critical_success,9,,2,58.9
bone_patrol,d_cemetery_road_3,fighter,shared24,64,11,4,58,9,3,8,5,critical_success,9,,2,65.6
bone_patrol,d_cemetery_road_3,fighter,shared12,52,8,4,45,6,3,5,2,critical_success,10,,2,73.1
bone_patrol,d_cemetery_road_3,barbarian,live,52,10,2,40,7,1,9,5,critical_success,9,,2,73.1
bone_patrol,d_cemetery_road_3,barbarian,shared24,60,11,3,58,9,3,8,6,critical_success,8,,2,54.2
bone_patrol,d_cemetery_road_3,barbarian,shared12,48,8,3,45,6,3,5,3,critical_success,10,,2,67.7
bone_patrol,d_cemetery_road_3,monk,live,52,10,2,40,7,1,9,5,critical_success,7,,2,87.5
bone_patrol,d_cemetery_road_3,monk,shared24,60,11,3,58,9,3,8,6,critical_success,8,,2,73.3
bone_patrol,d_cemetery_road_3,monk,shared12,48,8,3,45,6,3,5,3,critical_success,9,,2,38.5
bone_patrol,d_cemetery_road_3,rogue,live,52,10,2,40,7,1,9,5,critical_success,9,,2,86.5
bone_patrol,d_cemetery_road_3,rogue,shared24,60,11,3,58,9,3,8,6,success,9,,1,50.0
bone_patrol,d_cemetery_road_3,rogue,shared12,48,8,3,45,6,3,5,3,critical_success,9,,2,63.5
bone_patrol,d_cemetery_road_3,ranger,live,52,10,2,40,7,1,9,5,critical_failure,15,,0,0.0
bone_patrol,d_cemetery_road_3,ranger,shared24,60,11,3,58,9,3,8,6,critical_failure,11,,0,0.0
bone_patrol,d_cemetery_road_3,ranger,shared12,48,8,3,45,6,3,5,3,critical_failure,9,,0,0.0
bone_patrol,d_cemetery_road_3,mage,live,52,10,2,40,7,1,9,5,critical_success,7,,2,82.7
bone_patrol,d_cemetery_road_3,mage,shared24,60,11,3,58,9,3,8,6,success,7,,1,40.8
bone_patrol,d_cemetery_road_3,mage,shared12,48,8,3,45,6,3,5,3,critical_success,7,,2,69.8
bone_patrol,d_cemetery_road_4,fighter,live,56,10,3,27,4,1,9,1,critical_success,10,,2,57.1
bone_patrol,d_cemetery_road_4,fighter,shared24,64,11,4,49,7,2,9,3,critical_success,10,,2,68.0
bone_patrol,d_cemetery_road_4,fighter,shared12,52,8,4,36,4,2,6,1,critical_success,10,,2,84.6
bone_patrol,d_cemetery_road_4,barbarian,live,52,10,2,27,4,1,9,2,critical_success,7,,2,73.1
bone_patrol,d_cemetery_road_4,barbarian,shared24,60,11,3,49,7,2,9,4,success,11,,1,37.5
bone_patrol,d_cemetery_road_4,barbarian,shared12,48,8,3,36,4,2,6,1,critical_success,9,,2,50.0
bone_patrol,d_cemetery_road_4,monk,live,52,10,2,27,4,1,9,2,critical_success,6,,2,61.5
bone_patrol,d_cemetery_road_4,monk,shared24,60,11,3,49,7,2,9,4,critical_failure,7,,0,0.0
bone_patrol,d_cemetery_road_4,monk,shared12,48,8,3,36,4,2,6,1,critical_success,8,,2,60.4
bone_patrol,d_cemetery_road_4,rogue,live,52,10,2,27,4,1,9,2,critical_success,8,,2,69.2
bone_patrol,d_cemetery_road_4,rogue,shared24,60,11,3,49,7,2,9,4,critical_failure,6,,0,0.0
bone_patrol,d_cemetery_road_4,rogue,shared12,48,8,3,36,4,2,6,1,critical_success,10,,2,43.8
bone_patrol,d_cemetery_road_4,ranger,live,52,10,2,27,4,1,9,2,critical_success,5,,2,80.8
bone_patrol,d_cemetery_road_4,ranger,shared24,60,11,3,49,7,2,9,4,critical_failure,5,,0,0.0
bone_patrol,d_cemetery_road_4,ranger,shared12,48,8,3,36,4,2,6,1,critical_failure,7,,0,0.0
bone_patrol,d_cemetery_road_4,mage,live,52,10,2,27,4,1,9,2,critical_success,6,,2,94.2
bone_patrol,d_cemetery_road_4,mage,shared24,60,11,3,49,7,2,9,4,critical_success,8,,2,44.2
bone_patrol,d_cemetery_road_4,mage,shared12,48,8,3,36,4,2,6,1,critical_success,8,,2,68.8
