mission,layout,job,rank,opening_enemy_hp,opening_enemy_attack,outcome,rounds,error
bone_patrol,d_cemetery_road_1,fighter,D,108,19,critical_success,10,
bone_patrol,d_cemetery_road_1,barbarian,D,108,19,critical_success,7,
bone_patrol,d_cemetery_road_1,monk,D,108,19,critical_success,8,
bone_patrol,d_cemetery_road_1,rogue,D,108,19,critical_success,8,
bone_patrol,d_cemetery_road_1,ranger,D,108,19,critical_failure,9,
bone_patrol,d_cemetery_road_1,mage,D,108,19,critical_success,5,
bone_patrol,d_cemetery_road_2,fighter,D,108,20,critical_success,9,
bone_patrol,d_cemetery_road_2,barbarian,D,108,20,critical_success,8,
bone_patrol,d_cemetery_road_2,monk,D,108,20,critical_success,7,
bone_patrol,d_cemetery_road_2,rogue,D,108,20,critical_success,8,
bone_patrol,d_cemetery_road_2,ranger,D,108,20,critical_failure,8,
bone_patrol,d_cemetery_road_2,mage,D,108,20,critical_success,7,
bone_patrol,d_cemetery_road_3,fighter,D,108,19,critical_success,11,
bone_patrol,d_cemetery_road_3,barbarian,D,108,19,critical_success,7,
bone_patrol,d_cemetery_road_3,monk,D,108,19,critical_success,8,
bone_patrol,d_cemetery_road_3,rogue,D,108,19,critical_success,7,
bone_patrol,d_cemetery_road_3,ranger,D,108,19,critical_failure,19,
bone_patrol,d_cemetery_road_3,mage,D,108,19,critical_success,6,
bone_patrol,d_cemetery_road_4,fighter,D,108,16,critical_success,8,
bone_patrol,d_cemetery_road_4,barbarian,D,108,16,critical_success,7,
bone_patrol,d_cemetery_road_4,monk,D,108,16,critical_success,7,
bone_patrol,d_cemetery_road_4,rogue,D,108,16,critical_success,8,
bone_patrol,d_cemetery_road_4,ranger,D,108,16,critical_failure,7,
bone_patrol,d_cemetery_road_4,mage,D,108,16,critical_success,6,
goblin_pickpockets,purse_road_1,fighter,E,44,8,critical_success,5,
goblin_pickpockets,purse_road_1,barbarian,E,44,8,critical_success,4,
goblin_pickpockets,purse_road_1,monk,E,44,8,critical_success,4,
goblin_pickpockets,purse_road_1,rogue,E,44,8,critical_success,6,
goblin_pickpockets,purse_road_1,ranger,E,44,8,critical_success,6,
goblin_pickpockets,purse_road_1,mage,E,44,8,critical_success,4,
goblin_pickpockets,purse_road_2,fighter,E,44,8,critical_success,5,
goblin_pickpockets,purse_road_2,barbarian,E,44,8,critical_success,4,
goblin_pickpockets,purse_road_2,monk,E,44,8,critical_success,4,
goblin_pickpockets,purse_road_2,rogue,E,44,8,critical_success,5,
goblin_pickpockets,purse_road_2,ranger,E,44,8,critical_failure,21,
goblin_pickpockets,purse_road_2,mage,E,44,8,critical_success,4,
goblin_pickpockets,purse_road_3,fighter,E,44,8,critical_success,4,
goblin_pickpockets,purse_road_3,barbarian,E,44,8,critical_success,4,
goblin_pickpockets,purse_road_3,monk,E,44,8,critical_success,4,
goblin_pickpockets,purse_road_3,rogue,E,44,8,critical_success,4,
goblin_pickpockets,purse_road_3,ranger,E,44,8,critical_failure,12,
goblin_pickpockets,purse_road_3,mage,E,44,8,critical_success,3,
goblin_pickpockets,purse_road_4,fighter,E,44,9,critical_success,5,
goblin_pickpockets,purse_road_4,barbarian,E,44,9,critical_success,5,
goblin_pickpockets,purse_road_4,monk,E,44,9,critical_success,5,
goblin_pickpockets,purse_road_4,rogue,E,44,9,critical_success,6,
goblin_pickpockets,purse_road_4,ranger,E,44,9,critical_success,5,
goblin_pickpockets,purse_road_4,mage,E,44,9,critical_success,4,
highway_ambush,d_highway_cut_1,fighter,D,96,16,success,8,
highway_ambush,d_highway_cut_1,barbarian,D,96,16,success,6,
highway_ambush,d_highway_cut_1,monk,D,96,16,success,6,
highway_ambush,d_highway_cut_1,rogue,D,96,16,success,7,
highway_ambush,d_highway_cut_1,ranger,D,96,16,critical_failure,13,
highway_ambush,d_highway_cut_1,mage,D,96,16,success,4,
highway_ambush,d_highway_cut_2,fighter,D,96,17,success,7,
highway_ambush,d_highway_cut_2,barbarian,D,96,17,success,6,
highway_ambush,d_highway_cut_2,monk,D,96,17,success,6,
highway_ambush,d_highway_cut_2,rogue,D,96,17,success,7,
highway_ambush,d_highway_cut_2,ranger,D,96,17,critical_failure,13,
highway_ambush,d_highway_cut_2,mage,D,96,17,success,5,
highway_ambush,d_highway_cut_3,fighter,D,96,17,success,7,
highway_ambush,d_highway_cut_3,barbarian,D,96,17,success,6,
highway_ambush,d_highway_cut_3,monk,D,96,17,success,7,
highway_ambush,d_highway_cut_3,rogue,D,96,17,success,7,
highway_ambush,d_highway_cut_3,ranger,D,96,17,critical_failure,10,
highway_ambush,d_highway_cut_3,mage,D,96,17,success,4,
highway_ambush,d_highway_cut_4,fighter,D,96,16,success,8,
highway_ambush,d_highway_cut_4,barbarian,D,96,16,success,6,
highway_ambush,d_highway_cut_4,monk,D,96,16,success,7,
highway_ambush,d_highway_cut_4,rogue,D,96,16,success,7,
highway_ambush,d_highway_cut_4,ranger,D,96,16,success,5,
highway_ambush,d_highway_cut_4,mage,D,96,16,success,6,
prison_former_e,small_command_1,fighter,E,56,10,success,9,
prison_former_e,small_command_1,barbarian,E,56,10,success,9,
prison_former_e,small_command_1,monk,E,56,10,success,8,
prison_former_e,small_command_1,rogue,E,56,10,success,9,
prison_former_e,small_command_1,ranger,E,56,10,success,7,
prison_former_e,small_command_1,mage,E,56,10,success,5,
prison_former_e,small_command_2,fighter,E,52,9,success,8,
prison_former_e,small_command_2,barbarian,E,52,9,success,8,
prison_former_e,small_command_2,monk,E,52,9,success,7,
prison_former_e,small_command_2,rogue,E,52,9,success,7,
prison_former_e,small_command_2,ranger,E,52,9,success,9,
prison_former_e,small_command_2,mage,E,52,9,success,6,
prison_former_e,small_command_3,fighter,E,52,9,success,8,
prison_former_e,small_command_3,barbarian,E,52,9,success,10,
prison_former_e,small_command_3,monk,E,52,9,success,8,
prison_former_e,small_command_3,rogue,E,52,9,success,7,
prison_former_e,small_command_3,ranger,E,52,9,success,6,
prison_former_e,small_command_3,mage,E,52,9,success,5,
prison_former_e,small_command_4,fighter,E,56,10,success,7,
prison_former_e,small_command_4,barbarian,E,56,10,success,8,
prison_former_e,small_command_4,monk,E,56,10,success,9,
prison_former_e,small_command_4,rogue,E,56,10,success,8,
prison_former_e,small_command_4,ranger,E,56,10,success,7,
prison_former_e,small_command_4,mage,E,56,10,success,7,
prison_proof_e,occupied_training_yard_1,fighter,E,52,9,success,8,
prison_proof_e,occupied_training_yard_1,barbarian,E,52,9,success,6,
prison_proof_e,occupied_training_yard_1,monk,E,52,9,success,8,
prison_proof_e,occupied_training_yard_1,rogue,E,52,9,success,9,
prison_proof_e,occupied_training_yard_1,ranger,E,52,9,success,10,
prison_proof_e,occupied_training_yard_1,mage,E,52,9,success,7,
prison_proof_e,occupied_training_yard_2,fighter,E,52,9,success,8,
prison_proof_e,occupied_training_yard_2,barbarian,E,52,9,success,8,
prison_proof_e,occupied_training_yard_2,monk,E,52,9,success,8,
prison_proof_e,occupied_training_yard_2,rogue,E,52,9,success,9,
prison_proof_e,occupied_training_yard_2,ranger,E,52,9,success,8,
prison_proof_e,occupied_training_yard_2,mage,E,52,9,success,7,
prison_proof_e,occupied_training_yard_3,fighter,E,52,9,success,12,
prison_proof_e,occupied_training_yard_3,barbarian,E,52,9,success,10,
prison_proof_e,occupied_training_yard_3,monk,E,52,9,success,11,
prison_proof_e,occupied_training_yard_3,rogue,E,52,9,success,11,
prison_proof_e,occupied_training_yard_3,ranger,E,52,9,success,7,
prison_proof_e,occupied_training_yard_3,mage,E,52,9,success,8,
prison_proof_e,occupied_training_yard_4,fighter,E,52,9,success,7,
prison_proof_e,occupied_training_yard_4,barbarian,E,52,9,success,7,
prison_proof_e,occupied_training_yard_4,monk,E,52,9,success,7,
prison_proof_e,occupied_training_yard_4,rogue,E,52,9,success,8,
prison_proof_e,occupied_training_yard_4,ranger,E,52,9,success,8,
prison_proof_e,occupied_training_yard_4,mage,E,52,9,success,6,
prison_rival_e,road_straight_barrier,fighter,E,52,9,success,8,
prison_rival_e,road_straight_barrier,barbarian,E,52,9,success,7,
prison_rival_e,road_straight_barrier,monk,E,52,9,success,8,
prison_rival_e,road_straight_barrier,rogue,E,52,9,success,9,
prison_rival_e,road_straight_barrier,ranger,E,52,9,success,8,
prison_rival_e,road_straight_barrier,mage,E,52,9,success,7,
prison_rival_e,road_bent_road,fighter,E,52,9,success,7,
prison_rival_e,road_bent_road,barbarian,E,52,9,success,7,
prison_rival_e,road_bent_road,monk,E,52,9,success,7,
prison_rival_e,road_bent_road,rogue,E,52,9,success,7,
prison_rival_e,road_bent_road,ranger,E,52,9,critical_failure,12,
prison_rival_e,road_bent_road,mage,E,52,9,success,6,
prison_rival_e,road_staggered_barriers,fighter,E,48,8,success,6,
prison_rival_e,road_staggered_barriers,barbarian,E,48,8,success,6,
prison_rival_e,road_staggered_barriers,monk,E,48,8,success,7,
prison_rival_e,road_staggered_barriers,rogue,E,48,8,success,7,
prison_rival_e,road_staggered_barriers,ranger,E,48,8,success,11,
prison_rival_e,road_staggered_barriers,mage,E,48,8,success,4,
prison_rival_e,road_double_checkpoint,fighter,E,52,9,success,8,
prison_rival_e,road_double_checkpoint,barbarian,E,52,9,success,9,
prison_rival_e,road_double_checkpoint,monk,E,52,9,success,8,
prison_rival_e,road_double_checkpoint,rogue,E,52,9,success,9,
prison_rival_e,road_double_checkpoint,ranger,E,52,9,success,9,
prison_rival_e,road_double_checkpoint,mage,E,52,9,success,6,
rats_storehouse,provision_store_1,fighter,E,51,9,critical_success,7,
rats_storehouse,provision_store_1,barbarian,E,51,9,critical_success,6,
rats_storehouse,provision_store_1,monk,E,51,9,critical_success,5,
rats_storehouse,provision_store_1,rogue,E,51,9,critical_success,5,
rats_storehouse,provision_store_1,ranger,E,51,9,critical_success,5,
rats_storehouse,provision_store_1,mage,E,51,9,critical_success,4,
rats_storehouse,provision_store_2,fighter,E,56,8,critical_success,13,
rats_storehouse,provision_store_2,barbarian,E,56,8,critical_success,9,
rats_storehouse,provision_store_2,monk,E,56,8,critical_success,7,
rats_storehouse,provision_store_2,rogue,E,56,8,critical_success,8,
rats_storehouse,provision_store_2,ranger,E,56,8,critical_success,7,
rats_storehouse,provision_store_2,mage,E,56,8,critical_success,5,
rats_storehouse,provision_store_3,fighter,E,50,8,critical_success,8,
rats_storehouse,provision_store_3,barbarian,E,50,8,critical_success,10,
rats_storehouse,provision_store_3,monk,E,50,8,critical_success,10,
rats_storehouse,provision_store_3,rogue,E,50,8,critical_success,7,
rats_storehouse,provision_store_3,ranger,E,50,8,critical_success,7,
rats_storehouse,provision_store_3,mage,E,50,8,critical_success,9,
rats_storehouse,provision_store_4,fighter,E,56,8,critical_success,7,
rats_storehouse,provision_store_4,barbarian,E,56,8,critical_success,9,
rats_storehouse,provision_store_4,monk,E,56,8,critical_success,7,
rats_storehouse,provision_store_4,rogue,E,56,8,critical_success,8,
rats_storehouse,provision_store_4,ranger,E,56,8,critical_success,5,
rats_storehouse,provision_store_4,mage,E,56,8,critical_success,9,
roadside_toll,checkpoint_1,fighter,E,48,9,critical_success,10,
roadside_toll,checkpoint_1,barbarian,E,48,9,critical_success,7,
roadside_toll,checkpoint_1,monk,E,48,9,success,11,
roadside_toll,checkpoint_1,rogue,E,48,9,critical_success,8,
roadside_toll,checkpoint_1,ranger,E,48,9,critical_success,5,
roadside_toll,checkpoint_1,mage,E,48,9,critical_success,5,
roadside_toll,checkpoint_2,fighter,E,48,9,critical_success,7,
roadside_toll,checkpoint_2,barbarian,E,48,9,critical_success,10,
roadside_toll,checkpoint_2,monk,E,48,9,critical_success,9,
roadside_toll,checkpoint_2,rogue,E,48,9,critical_success,12,
roadside_toll,checkpoint_2,ranger,E,48,9,critical_success,7,
roadside_toll,checkpoint_2,mage,E,48,9,critical_success,8,
roadside_toll,checkpoint_3,fighter,E,48,9,critical_success,10,
roadside_toll,checkpoint_3,barbarian,E,48,9,critical_success,11,
roadside_toll,checkpoint_3,monk,E,48,9,critical_success,10,
roadside_toll,checkpoint_3,rogue,E,48,9,critical_success,11,
roadside_toll,checkpoint_3,ranger,E,48,9,critical_success,7,
roadside_toll,checkpoint_3,mage,E,48,9,critical_success,7,
roadside_toll,checkpoint_4,fighter,E,48,9,critical_success,7,
roadside_toll,checkpoint_4,barbarian,E,48,9,critical_success,6,
roadside_toll,checkpoint_4,monk,E,48,9,critical_success,6,
roadside_toll,checkpoint_4,rogue,E,48,9,critical_success,6,
roadside_toll,checkpoint_4,ranger,E,48,9,critical_success,8,
roadside_toll,checkpoint_4,mage,E,48,9,critical_success,6,
wolves_fence,farm_clearing_1,fighter,E,66,12,critical_success,10,
wolves_fence,farm_clearing_1,barbarian,E,66,12,critical_success,9,
wolves_fence,farm_clearing_1,monk,E,66,12,critical_success,10,
wolves_fence,farm_clearing_1,rogue,E,66,12,critical_success,10,
wolves_fence,farm_clearing_1,ranger,E,66,12,critical_success,8,
wolves_fence,farm_clearing_1,mage,E,66,12,critical_success,8,
wolves_fence,farm_clearing_2,fighter,E,62,10,critical_success,7,
wolves_fence,farm_clearing_2,barbarian,E,62,10,critical_success,7,
wolves_fence,farm_clearing_2,monk,E,62,10,critical_success,8,
wolves_fence,farm_clearing_2,rogue,E,62,10,critical_success,8,
wolves_fence,farm_clearing_2,ranger,E,62,10,critical_success,7,
wolves_fence,farm_clearing_2,mage,E,62,10,success,11,
wolves_fence,farm_clearing_3,fighter,E,68,12,critical_success,14,
wolves_fence,farm_clearing_3,barbarian,E,68,12,critical_success,12,
wolves_fence,farm_clearing_3,monk,E,68,12,critical_success,11,
wolves_fence,farm_clearing_3,rogue,E,68,12,critical_success,13,
wolves_fence,farm_clearing_3,ranger,E,68,12,critical_success,8,
wolves_fence,farm_clearing_3,mage,E,68,12,critical_success,9,
wolves_fence,farm_clearing_4,fighter,E,66,12,critical_success,9,
wolves_fence,farm_clearing_4,barbarian,E,66,12,critical_success,8,
wolves_fence,farm_clearing_4,monk,E,66,12,critical_success,8,
wolves_fence,farm_clearing_4,rogue,E,66,12,critical_success,9,
wolves_fence,farm_clearing_4,ranger,E,66,12,critical_success,9,
wolves_fence,farm_clearing_4,mage,E,66,12,critical_success,10,
frontier_watch_defense,watch_advance_1,fighter,E,88,17,critical_success,10,
frontier_watch_defense,watch_advance_1,barbarian,E,88,17,critical_success,9,
frontier_watch_defense,watch_advance_1,monk,E,88,17,critical_success,9,
frontier_watch_defense,watch_advance_1,rogue,E,88,17,critical_success,10,
frontier_watch_defense,watch_advance_1,ranger,E,88,17,failure,11,
frontier_watch_defense,watch_advance_1,mage,E,88,17,critical_success,4,
frontier_watch_defense,watch_advance_2,fighter,E,88,16,critical_success,12,
frontier_watch_defense,watch_advance_2,barbarian,E,88,16,success,11,
frontier_watch_defense,watch_advance_2,monk,E,88,16,success,14,
frontier_watch_defense,watch_advance_2,rogue,E,88,16,failure,11,
frontier_watch_defense,watch_advance_2,ranger,E,88,16,failure,12,
frontier_watch_defense,watch_advance_2,mage,E,88,16,critical_success,6,
frontier_watch_defense,watch_advance_3,fighter,E,100,15,critical_success,14,
frontier_watch_defense,watch_advance_3,barbarian,E,100,15,critical_success,8,
frontier_watch_defense,watch_advance_3,monk,E,100,15,critical_success,9,
frontier_watch_defense,watch_advance_3,rogue,E,100,15,critical_success,10,
frontier_watch_defense,watch_advance_3,ranger,E,100,15,critical_success,7,
frontier_watch_defense,watch_advance_3,mage,E,100,15,success,8,
frontier_watch_defense,watch_advance_4,fighter,E,100,15,critical_success,10,
frontier_watch_defense,watch_advance_4,barbarian,E,100,15,critical_success,10,
frontier_watch_defense,watch_advance_4,monk,E,100,15,failure,11,
frontier_watch_defense,watch_advance_4,rogue,E,100,15,success,18,
frontier_watch_defense,watch_advance_4,ranger,E,100,15,critical_success,6,
frontier_watch_defense,watch_advance_4,mage,E,100,15,critical_success,5,
prison_rescue_e,captive_escort_1,fighter,E,56,8,success,6,
prison_rescue_e,captive_escort_1,barbarian,E,56,8,success,8,
prison_rescue_e,captive_escort_1,monk,E,56,8,success,5,
prison_rescue_e,captive_escort_1,rogue,E,56,8,success,5,
prison_rescue_e,captive_escort_1,ranger,E,56,8,success,5,
prison_rescue_e,captive_escort_1,mage,E,56,8,success,5,
prison_rescue_e,captive_escort_2,fighter,E,56,9,success,7,
prison_rescue_e,captive_escort_2,barbarian,E,56,9,success,6,
prison_rescue_e,captive_escort_2,monk,E,56,9,success,5,
prison_rescue_e,captive_escort_2,rogue,E,56,9,success,6,
prison_rescue_e,captive_escort_2,ranger,E,56,9,failure,13,
prison_rescue_e,captive_escort_2,mage,E,56,9,success,3,
prison_rescue_e,captive_escort_3,fighter,E,60,9,success,7,
prison_rescue_e,captive_escort_3,barbarian,E,60,9,success,6,
prison_rescue_e,captive_escort_3,monk,E,60,9,success,6,
prison_rescue_e,captive_escort_3,rogue,E,60,9,success,9,
prison_rescue_e,captive_escort_3,ranger,E,60,9,success,4,
prison_rescue_e,captive_escort_3,mage,E,60,9,success,2,
prison_rescue_e,captive_escort_4,fighter,E,60,9,success,7,
prison_rescue_e,captive_escort_4,barbarian,E,60,9,success,6,
prison_rescue_e,captive_escort_4,monk,E,60,9,success,7,
prison_rescue_e,captive_escort_4,rogue,E,60,9,success,6,
prison_rescue_e,captive_escort_4,ranger,E,60,9,success,5,
prison_rescue_e,captive_escort_4,mage,E,60,9,success,2,
supply_watch,supply_stop_1,fighter,E,56,9,critical_success,8,
supply_watch,supply_stop_1,barbarian,E,56,9,critical_success,7,
supply_watch,supply_stop_1,monk,E,56,9,critical_success,7,
supply_watch,supply_stop_1,rogue,E,56,9,critical_success,7,
supply_watch,supply_stop_1,ranger,E,56,9,critical_success,6,
supply_watch,supply_stop_1,mage,E,56,9,critical_success,6,
supply_watch,supply_stop_2,fighter,E,60,9,critical_success,7,
supply_watch,supply_stop_2,barbarian,E,60,9,critical_success,7,
supply_watch,supply_stop_2,monk,E,60,9,critical_success,6,
supply_watch,supply_stop_2,rogue,E,60,9,critical_success,8,
supply_watch,supply_stop_2,ranger,E,60,9,critical_success,6,
supply_watch,supply_stop_2,mage,E,60,9,critical_success,6,
supply_watch,supply_stop_3,fighter,E,56,9,critical_success,9,
supply_watch,supply_stop_3,barbarian,E,56,9,critical_success,9,
supply_watch,supply_stop_3,monk,E,56,9,critical_success,9,
supply_watch,supply_stop_3,rogue,E,56,9,critical_success,10,
supply_watch,supply_stop_3,ranger,E,56,9,critical_success,8,
supply_watch,supply_stop_3,mage,E,56,9,critical_success,5,
supply_watch,supply_stop_4,fighter,E,60,9,critical_success,9,
supply_watch,supply_stop_4,barbarian,E,60,9,critical_success,8,
supply_watch,supply_stop_4,monk,E,60,9,critical_success,9,
supply_watch,supply_stop_4,rogue,E,60,9,critical_success,11,
supply_watch,supply_stop_4,ranger,E,60,9,critical_success,5,
supply_watch,supply_stop_4,mage,E,60,9,critical_success,6,
goblin_boar_riders,d_boar_rider_route_1,fighter,D,98,18,success,10,
goblin_boar_riders,d_boar_rider_route_1,barbarian,D,98,18,success,10,
goblin_boar_riders,d_boar_rider_route_1,monk,D,98,18,success,10,
goblin_boar_riders,d_boar_rider_route_1,rogue,D,98,18,success,8,
goblin_boar_riders,d_boar_rider_route_1,ranger,D,98,18,critical_failure,11,
goblin_boar_riders,d_boar_rider_route_1,mage,D,98,18,success,11,
goblin_boar_riders,d_boar_rider_route_2,fighter,D,98,17,success,8,
goblin_boar_riders,d_boar_rider_route_2,barbarian,D,98,17,success,8,
goblin_boar_riders,d_boar_rider_route_2,monk,D,98,17,success,8,
goblin_boar_riders,d_boar_rider_route_2,rogue,D,98,17,success,8,
goblin_boar_riders,d_boar_rider_route_2,ranger,D,98,17,critical_failure,16,
goblin_boar_riders,d_boar_rider_route_2,mage,D,98,17,success,7,
goblin_boar_riders,d_boar_rider_route_3,fighter,D,98,17,success,8,
goblin_boar_riders,d_boar_rider_route_3,barbarian,D,98,17,success,12,
goblin_boar_riders,d_boar_rider_route_3,monk,D,98,17,success,11,
goblin_boar_riders,d_boar_rider_route_3,rogue,D,98,17,success,10,
goblin_boar_riders,d_boar_rider_route_3,ranger,D,98,17,critical_failure,14,
goblin_boar_riders,d_boar_rider_route_3,mage,D,98,17,success,5,
goblin_boar_riders,d_boar_rider_route_4,fighter,D,88,16,success,7,
goblin_boar_riders,d_boar_rider_route_4,barbarian,D,88,16,success,7,
goblin_boar_riders,d_boar_rider_route_4,monk,D,88,16,success,5,
goblin_boar_riders,d_boar_rider_route_4,rogue,D,88,16,success,6,
goblin_boar_riders,d_boar_rider_route_4,ranger,D,88,16,success,8,
goblin_boar_riders,d_boar_rider_route_4,mage,D,88,16,success,6,
herbs_wall,herb_garden_1,fighter,E,53,9,critical_success,11,
herbs_wall,herb_garden_1,barbarian,E,53,9,critical_success,10,
herbs_wall,herb_garden_1,monk,E,53,9,critical_success,11,
herbs_wall,herb_garden_1,rogue,E,53,9,critical_success,12,
herbs_wall,herb_garden_1,ranger,E,53,9,critical_failure,18,
herbs_wall,herb_garden_1,mage,E,53,9,critical_success,6,
herbs_wall,herb_garden_2,fighter,E,50,8,critical_success,10,
herbs_wall,herb_garden_2,barbarian,E,50,8,critical_success,7,
herbs_wall,herb_garden_2,monk,E,50,8,critical_success,7,
herbs_wall,herb_garden_2,rogue,E,50,8,critical_success,8,
herbs_wall,herb_garden_2,ranger,E,50,8,critical_success,8,
herbs_wall,herb_garden_2,mage,E,50,8,critical_success,6,
herbs_wall,herb_garden_3,fighter,E,51,10,critical_success,10,
herbs_wall,herb_garden_3,barbarian,E,51,10,critical_success,11,
herbs_wall,herb_garden_3,monk,E,51,10,critical_success,13,
herbs_wall,herb_garden_3,rogue,E,51,10,critical_success,12,
herbs_wall,herb_garden_3,ranger,E,51,10,critical_success,8,
herbs_wall,herb_garden_3,mage,E,51,10,critical_success,7,
herbs_wall,herb_garden_4,fighter,E,50,8,critical_success,10,
herbs_wall,herb_garden_4,barbarian,E,50,8,critical_success,8,
herbs_wall,herb_garden_4,monk,E,50,8,critical_success,9,
herbs_wall,herb_garden_4,rogue,E,50,8,critical_success,11,
herbs_wall,herb_garden_4,ranger,E,50,8,critical_success,9,
herbs_wall,herb_garden_4,mage,E,50,8,critical_success,6,
ruined_well,well_yard_1,fighter,E,52,9,critical_success,6,
ruined_well,well_yard_1,barbarian,E,52,9,critical_success,8,
ruined_well,well_yard_1,monk,E,52,9,critical_success,7,
ruined_well,well_yard_1,rogue,E,52,9,critical_success,6,
ruined_well,well_yard_1,ranger,E,52,9,critical_failure,13,
ruined_well,well_yard_1,mage,E,52,9,critical_success,6,
ruined_well,well_yard_2,fighter,E,52,9,critical_success,7,
ruined_well,well_yard_2,barbarian,E,52,9,critical_success,10,
ruined_well,well_yard_2,monk,E,52,9,critical_success,6,
ruined_well,well_yard_2,rogue,E,52,9,critical_success,7,
ruined_well,well_yard_2,ranger,E,52,9,critical_success,6,
ruined_well,well_yard_2,mage,E,52,9,critical_success,8,
ruined_well,well_yard_3,fighter,E,52,9,critical_success,9,
ruined_well,well_yard_3,barbarian,E,52,9,critical_success,9,
ruined_well,well_yard_3,monk,E,52,9,critical_success,9,
ruined_well,well_yard_3,rogue,E,52,9,critical_success,10,
ruined_well,well_yard_3,ranger,E,52,9,critical_success,8,
ruined_well,well_yard_3,mage,E,52,9,critical_success,7,
ruined_well,well_yard_4,fighter,E,52,8,critical_success,11,
ruined_well,well_yard_4,barbarian,E,52,8,critical_success,7,
ruined_well,well_yard_4,monk,E,52,8,critical_success,8,
ruined_well,well_yard_4,rogue,E,52,8,critical_success,7,
ruined_well,well_yard_4,ranger,E,52,8,critical_success,6,
ruined_well,well_yard_4,mage,E,52,8,critical_success,7,
timber_creek,broken_creek_bridge_wood_4,fighter,E,53,9,critical_success,7,
timber_creek,broken_creek_bridge_wood_4,barbarian,E,53,9,critical_success,7,
timber_creek,broken_creek_bridge_wood_4,monk,E,53,9,critical_success,7,
timber_creek,broken_creek_bridge_wood_4,rogue,E,53,9,critical_success,10,
timber_creek,broken_creek_bridge_wood_4,ranger,E,53,9,critical_failure,19,
timber_creek,broken_creek_bridge_wood_4,mage,E,53,9,critical_success,5,
timber_creek,broken_creek_bridge_wood_6,fighter,E,51,9,critical_success,7,
timber_creek,broken_creek_bridge_wood_6,barbarian,E,51,9,critical_success,8,
timber_creek,broken_creek_bridge_wood_6,monk,E,51,9,critical_success,9,
timber_creek,broken_creek_bridge_wood_6,rogue,E,51,9,critical_success,10,
timber_creek,broken_creek_bridge_wood_6,ranger,E,51,9,critical_success,5,
timber_creek,broken_creek_bridge_wood_6,mage,E,51,9,critical_success,3,
tool_shed,tool_long_store,fighter,E,53,8,critical_success,10,
tool_shed,tool_long_store,barbarian,E,53,8,critical_success,11,
tool_shed,tool_long_store,monk,E,53,8,critical_success,8,
tool_shed,tool_long_store,rogue,E,53,8,critical_success,10,
tool_shed,tool_long_store,ranger,E,53,8,critical_success,9,
tool_shed,tool_long_store,mage,E,53,8,critical_success,9,
tool_shed,tool_divided_store,fighter,E,50,8,critical_success,9,
tool_shed,tool_divided_store,barbarian,E,50,8,critical_success,8,
tool_shed,tool_divided_store,monk,E,50,8,critical_success,8,
tool_shed,tool_divided_store,rogue,E,50,8,critical_success,10,
tool_shed,tool_divided_store,ranger,E,50,8,critical_success,7,
tool_shed,tool_divided_store,mage,E,50,8,critical_success,7,
tool_shed,tool_annex_yard,fighter,E,53,9,critical_success,9,
tool_shed,tool_annex_yard,barbarian,E,53,9,critical_success,6,
tool_shed,tool_annex_yard,monk,E,53,9,critical_success,8,
tool_shed,tool_annex_yard,rogue,E,53,9,critical_success,10,
tool_shed,tool_annex_yard,ranger,E,53,9,critical_success,7,
tool_shed,tool_annex_yard,mage,E,53,9,critical_success,7,
tool_shed,tool_twin_sheds,fighter,E,51,9,critical_success,10,
tool_shed,tool_twin_sheds,barbarian,E,51,9,critical_success,10,
tool_shed,tool_twin_sheds,monk,E,51,9,critical_success,8,
tool_shed,tool_twin_sheds,rogue,E,51,9,critical_success,10,
tool_shed,tool_twin_sheds,ranger,E,51,9,critical_success,7,
tool_shed,tool_twin_sheds,mage,E,51,9,critical_success,7,
